feature,mean_abs_shap
NDBI,0.8327350364915839
NDVI,0.5441106233187104
NDWI,0.4261124469449093
