feature,linear_abs_standardized_coefficient,random_forest_importance,permutation_importance,vif
NDVI,0.9591778118732199,0.248070939744864,0.5724812084860437,37.39596661674611
NDBI,0.6020242884748321,0.6416463502193653,0.5045834059176376,1.928824496108068
NDWI,0.8145887029566623,0.11028271003577075,0.21442906654412117,36.5068321549706
