feature,linear_abs_standardized_coefficient,random_forest_importance,permutation_importance,vif
NDVI,0.7870132257274933,0.10420192068171955,0.1310353629319853,32.46597821466215
NDBI,0.6095014159769999,0.7215447161638309,0.7958198753858158,1.9789164963932309
NDWI,0.8760250195706338,0.17425336315444967,0.24496128387826124,29.283334840554947
