feature,mean_abs_shap
NDBI,0.8035347000298922
NDVI,0.6435690604110479
NDWI,0.3260001448815967
