feature,mean_abs_shap
NDBI,1.2504529623859468
NDVI,0.49767236418714716
NDWI,0.41470855011421215
