feature,linear_abs_standardized_coefficient,random_forest_importance,permutation_importance,vif
NDVI,1.1839335608155357,0.18169477384002622,0.305194745480495,20.207313447691263
NDBI,0.5313591787511825,0.6490335074833906,0.7333982305253215,1.3345871665480777
NDWI,1.15878505179047,0.16927171867658325,0.2918618235025583,19.17945853287418
